Name,Math,Science,English,Total,Average,Result
Rahul,78,85,80,243,81.0,Pass
Anu,92,89,94,275,91.66666666666667,Pass
Kiran,65,70,60,195,65.0,Pass
Priya,88,91,87,266,88.66666666666667,Pass
Ravi,45,50,40,135,45.0,Fail
Sneha,73,68,75,216,72.0,Pass
Arjun,95,98,90,283,94.33333333333333,Pass
Pooja,67,72,65,204,68.0,Pass
Vijay,81,79,83,243,81.0,Pass
Neha,56,60,58,174,58.0,Pass
